,imbalanceRatio,Subset,Indicator,Sorted_Features
0,shap_list_ir_1,shap_list_ir_1_subset_248,orderMean,"['ARTHRITIS', 'CIRRHOSIS', 'OSTEOPOROSIS', 'COPD', 'ISCHEMIC_HEART_DISEASE', 'ASTHMA', 'STROKE', 'CHRONIC_KIDNEY_DISEASE', 'DEPRESSION', 'HEART_FAILURE', 'ARTHROSIS', 'SEX_FEMALE', 'OBESITY', 'DEMENTIA', 'DIABETES', 'HYPERTENSION', 'AGE']"
1,shap_list_ir_1,shap_list_ir_1_subset_248,orderStd,"['SEX_FEMALE', 'COPD', 'STROKE', 'ARTHRITIS', 'ISCHEMIC_HEART_DISEASE', 'OSTEOPOROSIS', 'CHRONIC_KIDNEY_DISEASE', 'DEPRESSION', 'HEART_FAILURE', 'ARTHROSIS', 'OBESITY', 'DEMENTIA', 'ASTHMA', 'HYPERTENSION', 'CIRRHOSIS', 'DIABETES', 'AGE']"
2,shap_list_ir_1,shap_list_ir_1_subset_248,orderSum,"['AGE', 'HYPERTENSION', 'DIABETES', 'DEMENTIA', 'OBESITY', 'SEX_FEMALE', 'ARTHROSIS', 'HEART_FAILURE', 'DEPRESSION', 'CHRONIC_KIDNEY_DISEASE', 'STROKE', 'ASTHMA', 'ISCHEMIC_HEART_DISEASE', 'COPD', 'OSTEOPOROSIS', 'CIRRHOSIS', 'ARTHRITIS']"
3,shap_list_ir_1,shap_list_ir_1_subset_249,orderMean,"['ARTHRITIS', 'ASTHMA', 'OSTEOPOROSIS', 'DEPRESSION', 'OBESITY', 'STROKE', 'ISCHEMIC_HEART_DISEASE', 'CIRRHOSIS', 'COPD', 'CHRONIC_KIDNEY_DISEASE', 'HEART_FAILURE', 'DEMENTIA', 'SEX_FEMALE', 'ARTHROSIS', 'DIABETES', 'HYPERTENSION', 'AGE']"
4,shap_list_ir_1,shap_list_ir_1_subset_249,orderStd,"['ARTHRITIS', 'OSTEOPOROSIS', 'OBESITY', 'SEX_FEMALE', 'DEPRESSION', 'DEMENTIA', 'STROKE', 'ISCHEMIC_HEART_DISEASE', 'HEART_FAILURE', 'CHRONIC_KIDNEY_DISEASE', 'COPD', 'ASTHMA', 'CIRRHOSIS', 'ARTHROSIS', 'HYPERTENSION', 'DIABETES', 'AGE']"
5,shap_list_ir_1,shap_list_ir_1_subset_249,orderSum,"['AGE', 'HYPERTENSION', 'DIABETES', 'ARTHROSIS', 'SEX_FEMALE', 'DEMENTIA', 'HEART_FAILURE', 'CHRONIC_KIDNEY_DISEASE', 'COPD', 'CIRRHOSIS', 'ISCHEMIC_HEART_DISEASE', 'STROKE', 'OBESITY', 'DEPRESSION', 'OSTEOPOROSIS', 'ASTHMA', 'ARTHRITIS']"
6,shap_list_ir_1,shap_list_ir_1_subset_250,orderMean,"['CIRRHOSIS', 'DEPRESSION', 'ARTHRITIS', 'ISCHEMIC_HEART_DISEASE', 'COPD', 'OBESITY', 'OSTEOPOROSIS', 'STROKE', 'HEART_FAILURE', 'ASTHMA', 'ARTHROSIS', 'CHRONIC_KIDNEY_DISEASE', 'DEMENTIA', 'SEX_FEMALE', 'DIABETES', 'HYPERTENSION', 'AGE']"
7,shap_list_ir_1,shap_list_ir_1_subset_250,orderStd,"['ISCHEMIC_HEART_DISEASE', 'OBESITY', 'DEPRESSION', 'COPD', 'STROKE', 'OSTEOPOROSIS', 'HEART_FAILURE', 'ARTHRITIS', 'CIRRHOSIS', 'CHRONIC_KIDNEY_DISEASE', 'DEMENTIA', 'ARTHROSIS', 'SEX_FEMALE', 'HYPERTENSION', 'ASTHMA', 'DIABETES', 'AGE']"
8,shap_list_ir_1,shap_list_ir_1_subset_250,orderSum,"['AGE', 'HYPERTENSION', 'DIABETES', 'SEX_FEMALE', 'DEMENTIA', 'CHRONIC_KIDNEY_DISEASE', 'ARTHROSIS', 'ASTHMA', 'HEART_FAILURE', 'STROKE', 'OSTEOPOROSIS', 'OBESITY', 'COPD', 'ISCHEMIC_HEART_DISEASE', 'ARTHRITIS', 'DEPRESSION', 'CIRRHOSIS']"
9,shap_list_ir_1,shap_list_ir_1_subset_251,orderMean,"['ARTHRITIS', 'OSTEOPOROSIS', 'DEPRESSION', 'OBESITY', 'CIRRHOSIS', 'ASTHMA', 'COPD', 'HEART_FAILURE', 'ISCHEMIC_HEART_DISEASE', 'ARTHROSIS', 'STROKE', 'SEX_FEMALE', 'CHRONIC_KIDNEY_DISEASE', 'DEMENTIA', 'DIABETES', 'HYPERTENSION', 'AGE']"
10,shap_list_ir_1,shap_list_ir_1_subset_251,orderStd,"['OBESITY', 'ARTHRITIS', 'OSTEOPOROSIS', 'HEART_FAILURE', 'SEX_FEMALE', 'DEPRESSION', 'COPD', 'ISCHEMIC_HEART_DISEASE', 'ARTHROSIS', 'STROKE', 'DEMENTIA', 'ASTHMA', 'HYPERTENSION', 'CHRONIC_KIDNEY_DISEASE', 'CIRRHOSIS', 'DIABETES', 'AGE']"
11,shap_list_ir_1,shap_list_ir_1_subset_251,orderSum,"['AGE', 'HYPERTENSION', 'DIABETES', 'DEMENTIA', 'CHRONIC_KIDNEY_DISEASE', 'SEX_FEMALE', 'STROKE', 'ARTHROSIS', 'ISCHEMIC_HEART_DISEASE', 'HEART_FAILURE', 'COPD', 'ASTHMA', 'CIRRHOSIS', 'OBESITY', 'DEPRESSION', 'OSTEOPOROSIS', 'ARTHRITIS']"
12,shap_list_ir_1,shap_list_ir_1_subset_252,orderMean,"['ARTHRITIS', 'OSTEOPOROSIS', 'COPD', 'OBESITY', 'CIRRHOSIS', 'ASTHMA', 'DEPRESSION', 'ISCHEMIC_HEART_DISEASE', 'SEX_FEMALE', 'DEMENTIA', 'STROKE', 'CHRONIC_KIDNEY_DISEASE', 'ARTHROSIS', 'HEART_FAILURE', 'DIABETES', 'HYPERTENSION', 'AGE']"
13,shap_list_ir_1,shap_list_ir_1_subset_252,orderStd,"['COPD', 'ARTHRITIS', 'OSTEOPOROSIS', 'OBESITY', 'SEX_FEMALE', 'DEPRESSION', 'CIRRHOSIS', 'ISCHEMIC_HEART_DISEASE', 'DEMENTIA', 'ASTHMA', 'STROKE', 'CHRONIC_KIDNEY_DISEASE', 'HEART_FAILURE', 'ARTHROSIS', 'HYPERTENSION', 'DIABETES', 'AGE']"
14,shap_list_ir_1,shap_list_ir_1_subset_252,orderSum,"['AGE', 'HYPERTENSION', 'DIABETES', 'HEART_FAILURE', 'ARTHROSIS', 'CHRONIC_KIDNEY_DISEASE', 'STROKE', 'DEMENTIA', 'SEX_FEMALE', 'ISCHEMIC_HEART_DISEASE', 'DEPRESSION', 'ASTHMA', 'CIRRHOSIS', 'OBESITY', 'COPD', 'OSTEOPOROSIS', 'ARTHRITIS']"
15,shap_list_ir_1,shap_list_ir_1_subset_253,orderMean,"['ARTHRITIS', 'COPD', 'CIRRHOSIS', 'OSTEOPOROSIS', 'ISCHEMIC_HEART_DISEASE', 'SEX_FEMALE', 'ASTHMA', 'STROKE', 'DEPRESSION', 'DEMENTIA', 'OBESITY', 'HEART_FAILURE', 'CHRONIC_KIDNEY_DISEASE', 'ARTHROSIS', 'DIABETES', 'HYPERTENSION', 'AGE']"
16,shap_list_ir_1,shap_list_ir_1_subset_253,orderStd,"['ARTHRITIS', 'COPD', 'OSTEOPOROSIS', 'CIRRHOSIS', 'SEX_FEMALE', 'ISCHEMIC_HEART_DISEASE', 'DEMENTIA', 'DEPRESSION', 'OBESITY', 'HEART_FAILURE', 'STROKE', 'CHRONIC_KIDNEY_DISEASE', 'HYPERTENSION', 'ASTHMA', 'ARTHROSIS', 'DIABETES', 'AGE']"
17,shap_list_ir_1,shap_list_ir_1_subset_253,orderSum,"['AGE', 'HYPERTENSION', 'DIABETES', 'ARTHROSIS', 'CHRONIC_KIDNEY_DISEASE', 'HEART_FAILURE', 'OBESITY', 'DEMENTIA', 'DEPRESSION', 'STROKE', 'ASTHMA', 'SEX_FEMALE', 'ISCHEMIC_HEART_DISEASE', 'OSTEOPOROSIS', 'CIRRHOSIS', 'COPD', 'ARTHRITIS']"
18,shap_list_ir_1,shap_list_ir_1_subset_254,orderMean,"['ARTHRITIS', 'OSTEOPOROSIS', 'CIRRHOSIS', 'ISCHEMIC_HEART_DISEASE', 'DEPRESSION', 'OBESITY', 'COPD', 'STROKE', 'ASTHMA', 'ARTHROSIS', 'CHRONIC_KIDNEY_DISEASE', 'HEART_FAILURE', 'DEMENTIA', 'SEX_FEMALE', 'DIABETES', 'HYPERTENSION', 'AGE']"
19,shap_list_ir_1,shap_list_ir_1_subset_254,orderStd,"['OSTEOPOROSIS', 'OBESITY', 'ISCHEMIC_HEART_DISEASE', 'DEPRESSION', 'ARTHRITIS', 'STROKE', 'CIRRHOSIS', 'COPD', 'ARTHROSIS', 'CHRONIC_KIDNEY_DISEASE', 'HEART_FAILURE', 'DEMENTIA', 'SEX_FEMALE', 'HYPERTENSION', 'ASTHMA', 'DIABETES', 'AGE']"
20,shap_list_ir_1,shap_list_ir_1_subset_254,orderSum,"['AGE', 'HYPERTENSION', 'DIABETES', 'SEX_FEMALE', 'DEMENTIA', 'HEART_FAILURE', 'CHRONIC_KIDNEY_DISEASE', 'ARTHROSIS', 'ASTHMA', 'STROKE', 'COPD', 'OBESITY', 'DEPRESSION', 'ISCHEMIC_HEART_DISEASE', 'CIRRHOSIS', 'OSTEOPOROSIS', 'ARTHRITIS']"
21,shap_list_ir_1,shap_list_ir_1_subset_255,orderMean,"['ARTHRITIS', 'ISCHEMIC_HEART_DISEASE', 'CIRRHOSIS', 'COPD', 'ASTHMA', 'STROKE', 'OSTEOPOROSIS', 'DEPRESSION', 'HEART_FAILURE', 'ARTHROSIS', 'OBESITY', 'DEMENTIA', 'SEX_FEMALE', 'CHRONIC_KIDNEY_DISEASE', 'DIABETES', 'HYPERTENSION', 'AGE']"
22,shap_list_ir_1,shap_list_ir_1_subset_255,orderStd,"['COPD', 'ISCHEMIC_HEART_DISEASE', 'ARTHRITIS', 'OBESITY', 'STROKE', 'DEPRESSION', 'CIRRHOSIS', 'HEART_FAILURE', 'DEMENTIA', 'SEX_FEMALE', 'ARTHROSIS', 'OSTEOPOROSIS', 'CHRONIC_KIDNEY_DISEASE', 'ASTHMA', 'HYPERTENSION', 'DIABETES', 'AGE']"
23,shap_list_ir_1,shap_list_ir_1_subset_255,orderSum,"['AGE', 'HYPERTENSION', 'DIABETES', 'CHRONIC_KIDNEY_DISEASE', 'SEX_FEMALE', 'DEMENTIA', 'OBESITY', 'ARTHROSIS', 'HEART_FAILURE', 'DEPRESSION', 'OSTEOPOROSIS', 'STROKE', 'ASTHMA', 'COPD', 'CIRRHOSIS', 'ISCHEMIC_HEART_DISEASE', 'ARTHRITIS']"
24,shap_list_ir_1,shap_list_ir_1_subset_256,orderMean,"['CIRRHOSIS', 'ARTHRITIS', 'COPD', 'OSTEOPOROSIS', 'ASTHMA', 'ARTHROSIS', 'DEPRESSION', 'ISCHEMIC_HEART_DISEASE', 'STROKE', 'OBESITY', 'HEART_FAILURE', 'DEMENTIA', 'CHRONIC_KIDNEY_DISEASE', 'SEX_FEMALE', 'DIABETES', 'HYPERTENSION', 'AGE']"
25,shap_list_ir_1,shap_list_ir_1_subset_256,orderStd,"['COPD', 'ARTHRITIS', 'ARTHROSIS', 'OSTEOPOROSIS', 'ISCHEMIC_HEART_DISEASE', 'CIRRHOSIS', 'DEPRESSION', 'STROKE', 'OBESITY', 'HEART_FAILURE', 'SEX_FEMALE', 'DEMENTIA', 'ASTHMA', 'CHRONIC_KIDNEY_DISEASE', 'HYPERTENSION', 'DIABETES', 'AGE']"
26,shap_list_ir_1,shap_list_ir_1_subset_256,orderSum,"['AGE', 'HYPERTENSION', 'DIABETES', 'SEX_FEMALE', 'CHRONIC_KIDNEY_DISEASE', 'DEMENTIA', 'HEART_FAILURE', 'OBESITY', 'STROKE', 'ISCHEMIC_HEART_DISEASE', 'DEPRESSION', 'ARTHROSIS', 'ASTHMA', 'OSTEOPOROSIS', 'COPD', 'ARTHRITIS', 'CIRRHOSIS']"
27,shap_list_ir_1,shap_list_ir_1_subset_257,orderMean,"['ARTHRITIS', 'CIRRHOSIS', 'ISCHEMIC_HEART_DISEASE', 'ASTHMA', 'OSTEOPOROSIS', 'COPD', 'STROKE', 'DEPRESSION', 'HEART_FAILURE', 'OBESITY', 'CHRONIC_KIDNEY_DISEASE', 'ARTHROSIS', 'DEMENTIA', 'SEX_FEMALE', 'DIABETES', 'HYPERTENSION', 'AGE']"
28,shap_list_ir_1,shap_list_ir_1_subset_257,orderStd,"['ISCHEMIC_HEART_DISEASE', 'ARTHRITIS', 'CHRONIC_KIDNEY_DISEASE', 'COPD', 'STROKE', 'DEPRESSION', 'HEART_FAILURE', 'CIRRHOSIS', 'OSTEOPOROSIS', 'OBESITY', 'SEX_FEMALE', 'DEMENTIA', 'ARTHROSIS', 'ASTHMA', 'HYPERTENSION', 'DIABETES', 'AGE']"
29,shap_list_ir_1,shap_list_ir_1_subset_257,orderSum,"['AGE', 'HYPERTENSION', 'DIABETES', 'SEX_FEMALE', 'DEMENTIA', 'ARTHROSIS', 'CHRONIC_KIDNEY_DISEASE', 'OBESITY', 'HEART_FAILURE', 'DEPRESSION', 'STROKE', 'COPD', 'OSTEOPOROSIS', 'ASTHMA', 'ISCHEMIC_HEART_DISEASE', 'CIRRHOSIS', 'ARTHRITIS']"
30,shap_list_ir_2,shap_list_ir_2_subset_351,orderMean,"['CIRRHOSIS', 'ARTHRITIS', 'ASTHMA', 'DEPRESSION', 'OSTEOPOROSIS', 'COPD', 'SEX_FEMALE', 'OBESITY', 'ISCHEMIC_HEART_DISEASE', 'STROKE', 'ARTHROSIS', 'CHRONIC_KIDNEY_DISEASE', 'DEMENTIA', 'HEART_FAILURE', 'DIABETES', 'HYPERTENSION', 'AGE']"
31,shap_list_ir_2,shap_list_ir_2_subset_351,orderStd,"['DEPRESSION', 'SEX_FEMALE', 'ARTHRITIS', 'CIRRHOSIS', 'ASTHMA', 'OBESITY', 'OSTEOPOROSIS', 'COPD', 'ISCHEMIC_HEART_DISEASE', 'ARTHROSIS', 'STROKE', 'CHRONIC_KIDNEY_DISEASE', 'DEMENTIA', 'HYPERTENSION', 'HEART_FAILURE', 'DIABETES', 'AGE']"
32,shap_list_ir_2,shap_list_ir_2_subset_351,orderSum,"['AGE', 'HYPERTENSION', 'DIABETES', 'HEART_FAILURE', 'DEMENTIA', 'CHRONIC_KIDNEY_DISEASE', 'ARTHROSIS', 'STROKE', 'ISCHEMIC_HEART_DISEASE', 'OBESITY', 'SEX_FEMALE', 'COPD', 'OSTEOPOROSIS', 'DEPRESSION', 'ASTHMA', 'ARTHRITIS', 'CIRRHOSIS']"
33,shap_list_ir_2,shap_list_ir_2_subset_352,orderMean,"['ARTHRITIS', 'DEPRESSION', 'ASTHMA', 'CIRRHOSIS', 'OSTEOPOROSIS', 'ISCHEMIC_HEART_DISEASE', 'STROKE', 'OBESITY', 'COPD', 'HEART_FAILURE', 'CHRONIC_KIDNEY_DISEASE', 'DEMENTIA', 'SEX_FEMALE', 'ARTHROSIS', 'DIABETES', 'HYPERTENSION', 'AGE']"
34,shap_list_ir_2,shap_list_ir_2_subset_352,orderStd,"['ARTHRITIS', 'DEPRESSION', 'ASTHMA', 'SEX_FEMALE', 'OSTEOPOROSIS', 'OBESITY', 'CIRRHOSIS', 'ISCHEMIC_HEART_DISEASE', 'COPD', 'STROKE', 'HEART_FAILURE', 'CHRONIC_KIDNEY_DISEASE', 'DEMENTIA', 'ARTHROSIS', 'HYPERTENSION', 'DIABETES', 'AGE']"
35,shap_list_ir_2,shap_list_ir_2_subset_352,orderSum,"['AGE', 'HYPERTENSION', 'DIABETES', 'ARTHROSIS', 'SEX_FEMALE', 'DEMENTIA', 'CHRONIC_KIDNEY_DISEASE', 'HEART_FAILURE', 'COPD', 'OBESITY', 'STROKE', 'ISCHEMIC_HEART_DISEASE', 'OSTEOPOROSIS', 'CIRRHOSIS', 'ASTHMA', 'DEPRESSION', 'ARTHRITIS']"
36,shap_list_ir_2,shap_list_ir_2_subset_353,orderMean,"['ARTHRITIS', 'ASTHMA', 'OBESITY', 'OSTEOPOROSIS', 'CIRRHOSIS', 'DEPRESSION', 'ISCHEMIC_HEART_DISEASE', 'ARTHROSIS', 'COPD', 'DEMENTIA', 'SEX_FEMALE', 'CHRONIC_KIDNEY_DISEASE', 'STROKE', 'HEART_FAILURE', 'DIABETES', 'HYPERTENSION', 'AGE']"
37,shap_list_ir_2,shap_list_ir_2_subset_353,orderStd,"['ARTHRITIS', 'OBESITY', 'ASTHMA', 'SEX_FEMALE', 'DEPRESSION', 'OSTEOPOROSIS', 'CIRRHOSIS', 'ARTHROSIS', 'ISCHEMIC_HEART_DISEASE', 'DEMENTIA', 'CHRONIC_KIDNEY_DISEASE', 'HEART_FAILURE', 'COPD', 'STROKE', 'HYPERTENSION', 'DIABETES', 'AGE']"
38,shap_list_ir_2,shap_list_ir_2_subset_353,orderSum,"['AGE', 'HYPERTENSION', 'DIABETES', 'HEART_FAILURE', 'STROKE', 'CHRONIC_KIDNEY_DISEASE', 'SEX_FEMALE', 'DEMENTIA', 'COPD', 'ARTHROSIS', 'ISCHEMIC_HEART_DISEASE', 'DEPRESSION', 'CIRRHOSIS', 'OSTEOPOROSIS', 'OBESITY', 'ASTHMA', 'ARTHRITIS']"
39,shap_list_ir_2,shap_list_ir_2_subset_354,orderMean,"['ARTHRITIS', 'OSTEOPOROSIS', 'ASTHMA', 'CIRRHOSIS', 'STROKE', 'SEX_FEMALE', 'COPD', 'ISCHEMIC_HEART_DISEASE', 'OBESITY', 'DEPRESSION', 'DEMENTIA', 'ARTHROSIS', 'CHRONIC_KIDNEY_DISEASE', 'HEART_FAILURE', 'DIABETES', 'HYPERTENSION', 'AGE']"
40,shap_list_ir_2,shap_list_ir_2_subset_354,orderStd,"['ARTHRITIS', 'ASTHMA', 'SEX_FEMALE', 'OSTEOPOROSIS', 'OBESITY', 'STROKE', 'ISCHEMIC_HEART_DISEASE', 'CIRRHOSIS', 'COPD', 'ARTHROSIS', 'CHRONIC_KIDNEY_DISEASE', 'DEMENTIA', 'HEART_FAILURE', 'DEPRESSION', 'HYPERTENSION', 'DIABETES', 'AGE']"
41,shap_list_ir_2,shap_list_ir_2_subset_354,orderSum,"['AGE', 'HYPERTENSION', 'DIABETES', 'HEART_FAILURE', 'CHRONIC_KIDNEY_DISEASE', 'ARTHROSIS', 'DEMENTIA', 'DEPRESSION', 'OBESITY', 'ISCHEMIC_HEART_DISEASE', 'COPD', 'SEX_FEMALE', 'STROKE', 'CIRRHOSIS', 'ASTHMA', 'OSTEOPOROSIS', 'ARTHRITIS']"
42,shap_list_ir_2,shap_list_ir_2_subset_355,orderMean,"['OSTEOPOROSIS', 'ASTHMA', 'ARTHRITIS', 'CIRRHOSIS', 'DEPRESSION', 'OBESITY', 'ARTHROSIS', 'COPD', 'HEART_FAILURE', 'ISCHEMIC_HEART_DISEASE', 'DEMENTIA', 'STROKE', 'SEX_FEMALE', 'CHRONIC_KIDNEY_DISEASE', 'DIABETES', 'HYPERTENSION', 'AGE']"
43,shap_list_ir_2,shap_list_ir_2_subset_355,orderStd,"['ARTHRITIS', 'ASTHMA', 'OBESITY', 'OSTEOPOROSIS', 'DEPRESSION', 'SEX_FEMALE', 'CIRRHOSIS', 'ARTHROSIS', 'HEART_FAILURE', 'ISCHEMIC_HEART_DISEASE', 'COPD', 'DEMENTIA', 'HYPERTENSION', 'STROKE', 'CHRONIC_KIDNEY_DISEASE', 'DIABETES', 'AGE']"
44,shap_list_ir_2,shap_list_ir_2_subset_355,orderSum,"['AGE', 'HYPERTENSION', 'DIABETES', 'CHRONIC_KIDNEY_DISEASE', 'SEX_FEMALE', 'STROKE', 'DEMENTIA', 'ISCHEMIC_HEART_DISEASE', 'HEART_FAILURE', 'COPD', 'ARTHROSIS', 'OBESITY', 'DEPRESSION', 'CIRRHOSIS', 'ARTHRITIS', 'ASTHMA', 'OSTEOPOROSIS']"
45,shap_list_ir_2,shap_list_ir_2_subset_356,orderMean,"['ARTHRITIS', 'ASTHMA', 'CIRRHOSIS', 'DEPRESSION', 'OSTEOPOROSIS', 'OBESITY', 'ISCHEMIC_HEART_DISEASE', 'ARTHROSIS', 'COPD', 'HEART_FAILURE', 'CHRONIC_KIDNEY_DISEASE', 'SEX_FEMALE', 'DEMENTIA', 'STROKE', 'DIABETES', 'HYPERTENSION', 'AGE']"
46,shap_list_ir_2,shap_list_ir_2_subset_356,orderStd,"['OBESITY', 'ARTHRITIS', 'DEPRESSION', 'OSTEOPOROSIS', 'ASTHMA', 'CIRRHOSIS', 'ISCHEMIC_HEART_DISEASE', 'SEX_FEMALE', 'ARTHROSIS', 'CHRONIC_KIDNEY_DISEASE', 'DEMENTIA', 'HEART_FAILURE', 'COPD', 'HYPERTENSION', 'STROKE', 'DIABETES', 'AGE']"
47,shap_list_ir_2,shap_list_ir_2_subset_356,orderSum,"['AGE', 'HYPERTENSION', 'DIABETES', 'STROKE', 'DEMENTIA', 'SEX_FEMALE', 'CHRONIC_KIDNEY_DISEASE', 'HEART_FAILURE', 'COPD', 'ARTHROSIS', 'ISCHEMIC_HEART_DISEASE', 'OBESITY', 'OSTEOPOROSIS', 'DEPRESSION', 'CIRRHOSIS', 'ASTHMA', 'ARTHRITIS']"
48,shap_list_ir_2,shap_list_ir_2_subset_357,orderMean,"['ARTHRITIS', 'ASTHMA', 'CIRRHOSIS', 'OSTEOPOROSIS', 'DEPRESSION', 'COPD', 'OBESITY', 'SEX_FEMALE', 'STROKE', 'ISCHEMIC_HEART_DISEASE', 'ARTHROSIS', 'HEART_FAILURE', 'CHRONIC_KIDNEY_DISEASE', 'DEMENTIA', 'DIABETES', 'HYPERTENSION', 'AGE']"
49,shap_list_ir_2,shap_list_ir_2_subset_357,orderStd,"['SEX_FEMALE', 'OBESITY', 'DEPRESSION', 'ASTHMA', 'ARTHRITIS', 'OSTEOPOROSIS', 'STROKE', 'COPD', 'CIRRHOSIS', 'ISCHEMIC_HEART_DISEASE', 'HEART_FAILURE', 'ARTHROSIS', 'DEMENTIA', 'CHRONIC_KIDNEY_DISEASE', 'HYPERTENSION', 'DIABETES', 'AGE']"
50,shap_list_ir_2,shap_list_ir_2_subset_357,orderSum,"['AGE', 'HYPERTENSION', 'DIABETES', 'DEMENTIA', 'CHRONIC_KIDNEY_DISEASE', 'HEART_FAILURE', 'ARTHROSIS', 'ISCHEMIC_HEART_DISEASE', 'STROKE', 'SEX_FEMALE', 'OBESITY', 'COPD', 'DEPRESSION', 'OSTEOPOROSIS', 'CIRRHOSIS', 'ASTHMA', 'ARTHRITIS']"
51,shap_list_ir_2,shap_list_ir_2_subset_358,orderMean,"['ARTHRITIS', 'OSTEOPOROSIS', 'ASTHMA', 'CIRRHOSIS', 'DEPRESSION', 'STROKE', 'COPD', 'ISCHEMIC_HEART_DISEASE', 'ARTHROSIS', 'SEX_FEMALE', 'HEART_FAILURE', 'CHRONIC_KIDNEY_DISEASE', 'OBESITY', 'DEMENTIA', 'DIABETES', 'HYPERTENSION', 'AGE']"
52,shap_list_ir_2,shap_list_ir_2_subset_358,orderStd,"['ARTHRITIS', 'OSTEOPOROSIS', 'DEPRESSION', 'SEX_FEMALE', 'ASTHMA', 'CIRRHOSIS', 'STROKE', 'OBESITY', 'ARTHROSIS', 'ISCHEMIC_HEART_DISEASE', 'COPD', 'HEART_FAILURE', 'CHRONIC_KIDNEY_DISEASE', 'DEMENTIA', 'HYPERTENSION', 'DIABETES', 'AGE']"
53,shap_list_ir_2,shap_list_ir_2_subset_358,orderSum,"['AGE', 'HYPERTENSION', 'DIABETES', 'DEMENTIA', 'OBESITY', 'CHRONIC_KIDNEY_DISEASE', 'HEART_FAILURE', 'SEX_FEMALE', 'ARTHROSIS', 'ISCHEMIC_HEART_DISEASE', 'COPD', 'STROKE', 'DEPRESSION', 'CIRRHOSIS', 'ASTHMA', 'OSTEOPOROSIS', 'ARTHRITIS']"
54,shap_list_ir_2,shap_list_ir_2_subset_359,orderMean,"['ARTHRITIS', 'CIRRHOSIS', 'ASTHMA', 'DEPRESSION', 'COPD', 'OBESITY', 'OSTEOPOROSIS', 'ISCHEMIC_HEART_DISEASE', 'DEMENTIA', 'STROKE', 'ARTHROSIS', 'SEX_FEMALE', 'HEART_FAILURE', 'CHRONIC_KIDNEY_DISEASE', 'DIABETES', 'HYPERTENSION', 'AGE']"
55,shap_list_ir_2,shap_list_ir_2_subset_359,orderStd,"['ARTHRITIS', 'CIRRHOSIS', 'SEX_FEMALE', 'DEPRESSION', 'OBESITY', 'ASTHMA', 'COPD', 'STROKE', 'DEMENTIA', 'ISCHEMIC_HEART_DISEASE', 'CHRONIC_KIDNEY_DISEASE', 'OSTEOPOROSIS', 'ARTHROSIS', 'HYPERTENSION', 'HEART_FAILURE', 'DIABETES', 'AGE']"
56,shap_list_ir_2,shap_list_ir_2_subset_359,orderSum,"['AGE', 'HYPERTENSION', 'DIABETES', 'CHRONIC_KIDNEY_DISEASE', 'HEART_FAILURE', 'SEX_FEMALE', 'ARTHROSIS', 'STROKE', 'DEMENTIA', 'ISCHEMIC_HEART_DISEASE', 'OSTEOPOROSIS', 'OBESITY', 'COPD', 'DEPRESSION', 'ASTHMA', 'CIRRHOSIS', 'ARTHRITIS']"
57,shap_list_ir_2,shap_list_ir_2_subset_360,orderMean,"['ARTHRITIS', 'CIRRHOSIS', 'ASTHMA', 'OBESITY', 'OSTEOPOROSIS', 'COPD', 'DEPRESSION', 'ISCHEMIC_HEART_DISEASE', 'SEX_FEMALE', 'ARTHROSIS', 'STROKE', 'CHRONIC_KIDNEY_DISEASE', 'HEART_FAILURE', 'DEMENTIA', 'DIABETES', 'HYPERTENSION', 'AGE']"
58,shap_list_ir_2,shap_list_ir_2_subset_360,orderStd,"['OBESITY', 'ARTHRITIS', 'ASTHMA', 'SEX_FEMALE', 'DEPRESSION', 'CIRRHOSIS', 'OSTEOPOROSIS', 'COPD', 'ISCHEMIC_HEART_DISEASE', 'CHRONIC_KIDNEY_DISEASE', 'ARTHROSIS', 'HEART_FAILURE', 'STROKE', 'DEMENTIA', 'HYPERTENSION', 'DIABETES', 'AGE']"
59,shap_list_ir_2,shap_list_ir_2_subset_360,orderSum,"['AGE', 'HYPERTENSION', 'DIABETES', 'DEMENTIA', 'HEART_FAILURE', 'CHRONIC_KIDNEY_DISEASE', 'STROKE', 'ARTHROSIS', 'SEX_FEMALE', 'ISCHEMIC_HEART_DISEASE', 'DEPRESSION', 'COPD', 'OSTEOPOROSIS', 'OBESITY', 'ASTHMA', 'CIRRHOSIS', 'ARTHRITIS']"
60,shap_list_ir_2,shap_list_ir_2_subset_361,orderMean,"['ARTHRITIS', 'OBESITY', 'CIRRHOSIS', 'ASTHMA', 'DEPRESSION', 'OSTEOPOROSIS', 'STROKE', 'COPD', 'ISCHEMIC_HEART_DISEASE', 'CHRONIC_KIDNEY_DISEASE', 'HEART_FAILURE', 'ARTHROSIS', 'DEMENTIA', 'SEX_FEMALE', 'DIABETES', 'HYPERTENSION', 'AGE']"
61,shap_list_ir_2,shap_list_ir_2_subset_361,orderStd,"['OBESITY', 'ARTHRITIS', 'DEPRESSION', 'OSTEOPOROSIS', 'COPD', 'CIRRHOSIS', 'STROKE', 'SEX_FEMALE', 'ASTHMA', 'ISCHEMIC_HEART_DISEASE', 'CHRONIC_KIDNEY_DISEASE', 'ARTHROSIS', 'DEMENTIA', 'HEART_FAILURE', 'HYPERTENSION', 'DIABETES', 'AGE']"
62,shap_list_ir_2,shap_list_ir_2_subset_361,orderSum,"['AGE', 'HYPERTENSION', 'DIABETES', 'SEX_FEMALE', 'DEMENTIA', 'ARTHROSIS', 'HEART_FAILURE', 'CHRONIC_KIDNEY_DISEASE', 'ISCHEMIC_HEART_DISEASE', 'COPD', 'STROKE', 'OSTEOPOROSIS', 'DEPRESSION', 'ASTHMA', 'CIRRHOSIS', 'OBESITY', 'ARTHRITIS']"
63,shap_list_ir_2,shap_list_ir_2_subset_362,orderMean,"['ARTHRITIS', 'ASTHMA', 'CIRRHOSIS', 'COPD', 'OSTEOPOROSIS', 'ISCHEMIC_HEART_DISEASE', 'OBESITY', 'DEPRESSION', 'STROKE', 'CHRONIC_KIDNEY_DISEASE', 'HEART_FAILURE', 'SEX_FEMALE', 'ARTHROSIS', 'DEMENTIA', 'DIABETES', 'HYPERTENSION', 'AGE']"
64,shap_list_ir_2,shap_list_ir_2_subset_362,orderStd,"['ARTHRITIS', 'COPD', 'OBESITY', 'SEX_FEMALE', 'ASTHMA', 'CIRRHOSIS', 'ISCHEMIC_HEART_DISEASE', 'OSTEOPOROSIS', 'DEPRESSION', 'CHRONIC_KIDNEY_DISEASE', 'HEART_FAILURE', 'STROKE', 'DEMENTIA', 'ARTHROSIS', 'HYPERTENSION', 'DIABETES', 'AGE']"
65,shap_list_ir_2,shap_list_ir_2_subset_362,orderSum,"['AGE', 'HYPERTENSION', 'DIABETES', 'DEMENTIA', 'ARTHROSIS', 'SEX_FEMALE', 'HEART_FAILURE', 'CHRONIC_KIDNEY_DISEASE', 'STROKE', 'DEPRESSION', 'OBESITY', 'ISCHEMIC_HEART_DISEASE', 'OSTEOPOROSIS', 'COPD', 'CIRRHOSIS', 'ASTHMA', 'ARTHRITIS']"
66,shap_list_ir_2,shap_list_ir_2_subset_363,orderMean,"['ARTHRITIS', 'CIRRHOSIS', 'ASTHMA', 'OSTEOPOROSIS', 'ISCHEMIC_HEART_DISEASE', 'STROKE', 'DEPRESSION', 'SEX_FEMALE', 'COPD', 'OBESITY', 'ARTHROSIS', 'CHRONIC_KIDNEY_DISEASE', 'DEMENTIA', 'HEART_FAILURE', 'DIABETES', 'HYPERTENSION', 'AGE']"
67,shap_list_ir_2,shap_list_ir_2_subset_363,orderStd,"['ARTHRITIS', 'ASTHMA', 'ISCHEMIC_HEART_DISEASE', 'CIRRHOSIS', 'SEX_FEMALE', 'OSTEOPOROSIS', 'DEPRESSION', 'STROKE', 'OBESITY', 'ARTHROSIS', 'COPD', 'DEMENTIA', 'CHRONIC_KIDNEY_DISEASE', 'HEART_FAILURE', 'HYPERTENSION', 'DIABETES', 'AGE']"
68,shap_list_ir_2,shap_list_ir_2_subset_363,orderSum,"['AGE', 'HYPERTENSION', 'DIABETES', 'HEART_FAILURE', 'DEMENTIA', 'CHRONIC_KIDNEY_DISEASE', 'ARTHROSIS', 'OBESITY', 'COPD', 'SEX_FEMALE', 'DEPRESSION', 'STROKE', 'ISCHEMIC_HEART_DISEASE', 'OSTEOPOROSIS', 'ASTHMA', 'CIRRHOSIS', 'ARTHRITIS']"
69,shap_list_ir_2,shap_list_ir_2_subset_364,orderMean,"['ARTHRITIS', 'CIRRHOSIS', 'ASTHMA', 'OSTEOPOROSIS', 'COPD', 'ARTHROSIS', 'DEPRESSION', 'ISCHEMIC_HEART_DISEASE', 'STROKE', 'DEMENTIA', 'CHRONIC_KIDNEY_DISEASE', 'HEART_FAILURE', 'OBESITY', 'SEX_FEMALE', 'DIABETES', 'HYPERTENSION', 'AGE']"
70,shap_list_ir_2,shap_list_ir_2_subset_364,orderStd,"['CIRRHOSIS', 'ARTHRITIS', 'ASTHMA', 'OSTEOPOROSIS', 'COPD', 'SEX_FEMALE', 'ARTHROSIS', 'ISCHEMIC_HEART_DISEASE', 'DEPRESSION', 'STROKE', 'DEMENTIA', 'HYPERTENSION', 'CHRONIC_KIDNEY_DISEASE', 'OBESITY', 'HEART_FAILURE', 'DIABETES', 'AGE']"
71,shap_list_ir_2,shap_list_ir_2_subset_364,orderSum,"['AGE', 'HYPERTENSION', 'DIABETES', 'SEX_FEMALE', 'OBESITY', 'HEART_FAILURE', 'CHRONIC_KIDNEY_DISEASE', 'DEMENTIA', 'STROKE', 'ISCHEMIC_HEART_DISEASE', 'DEPRESSION', 'ARTHROSIS', 'COPD', 'OSTEOPOROSIS', 'ASTHMA', 'CIRRHOSIS', 'ARTHRITIS']"
72,shap_list_ir_2,shap_list_ir_2_subset_365,orderMean,"['ARTHRITIS', 'DEPRESSION', 'OSTEOPOROSIS', 'ASTHMA', 'CIRRHOSIS', 'ISCHEMIC_HEART_DISEASE', 'COPD', 'OBESITY', 'STROKE', 'DEMENTIA', 'CHRONIC_KIDNEY_DISEASE', 'SEX_FEMALE', 'HEART_FAILURE', 'ARTHROSIS', 'DIABETES', 'HYPERTENSION', 'AGE']"
73,shap_list_ir_2,shap_list_ir_2_subset_365,orderStd,"['ARTHRITIS', 'DEPRESSION', 'OSTEOPOROSIS', 'ASTHMA', 'OBESITY', 'SEX_FEMALE', 'ISCHEMIC_HEART_DISEASE', 'DEMENTIA', 'COPD', 'CIRRHOSIS', 'STROKE', 'CHRONIC_KIDNEY_DISEASE', 'HEART_FAILURE', 'HYPERTENSION', 'ARTHROSIS', 'DIABETES', 'AGE']"
74,shap_list_ir_2,shap_list_ir_2_subset_365,orderSum,"['AGE', 'HYPERTENSION', 'DIABETES', 'ARTHROSIS', 'HEART_FAILURE', 'SEX_FEMALE', 'CHRONIC_KIDNEY_DISEASE', 'DEMENTIA', 'STROKE', 'OBESITY', 'COPD', 'ISCHEMIC_HEART_DISEASE', 'CIRRHOSIS', 'ASTHMA', 'OSTEOPOROSIS', 'DEPRESSION', 'ARTHRITIS']"
